"anio","clae2_desc","clae2","porc_medio"
2007,"Actividades administrativas de oficinas y empresas",82,42.17
2007,"Actividades de apoyo a la minería",9,5.51
2007,"Actividades de construcción especializada",43,5.13
2007,"Actividades de investigación y seguridad",80,9.2
2007,"Actividades de organismos extraterritoriales",99,53.4
2007,"Actividades de procesamiento de información",63,39.02
2007,"Actividades deportivas, recreativas y de entretenimiento",93,30.85
2007,"Administración pública, defensa y seguridad social",84,42.63
2007,"Agencias de viajes, servicios de reservas y actividades conexas",79,52.5
2007,"Agricultura, ganadería, caza y servicios relacionados",1,10.8
2007,"Almacenamiento y logística",52,15.74
2007,"Alquiler y leasing",77,17.87
2007,"Captación, depuración y distribución de agua",36,18.68
2007,"Comercio al por mayor excepto autos y motos",46,24.23
2007,"Comercio al por menor excepto autos y motos",47,41.93
2007,"Construcción de edificios y partes",41,3.03
2007,"Descontaminación y otros servicios",39,11.5
2007,"Edición",58,37.31
2007,"Elaboración de bebidas",11,14.46
2007,"Elaboración de prendas de vestir",14,59.93
2007,"Elaboración de productos alimenticios",10,19.66
2007,"Elaboración de productos de cuero",15,22
2007,"Elaboración de productos de madera",16,7.02
2007,"Elaboración de productos de papel",17,13.31
2007,"Elaboración de productos de tabaco",12,18.1
2007,"Elaboracion de productos farmaceuticos",21,35.7
2007,"Elaboración de productos textiles",13,23.98
2007,"Enseñanza",85,74.06
2007,"Extracción de carbon y lignito",5,3.62
2007,"Extracción de minerales metálicos",7,7.98
2007,"Extracción de petroleo crudo y gas natural",6,17
2007,"Fabricación de aparatos de uso doméstico",27,12.27
2007,"Fabricación de equipo de transporte",30,6.71
2007,"Fabricación de equipos automotores",29,9.19
2007,"Fabricación de equipos electrónicos",26,24.91
2007,"Fabricación de maquinaria",28,8.4
2007,"Fabricación de muebles y colchones",31,12.31
2007,"Fabricación de productos de caucho y plástico",22,13.19
2007,"Fabricación de productos de hornos de coque",19,19.75
2007,"Fabricación de productos de vidrio y minerales no metálicos",23,6.99
2007,"Fabricación de productos metálicos",25,8.03
2007,"Fabricación de sustancias químicas",20,22.94
2007,"Imprentas y editoriales",18,20.11
2007,"Industrias básicas de hierro y acero",24,6.03
2007,"Industrias manufactureras diversas",32,22.6
2007,"Ingeniería civil",42,5.3
2007,"Investigación y desarrollo científico",72,58.44
2007,"Juegos de azar, apuestas",92,47.96
2007,"Otras actividades profesionales, científicas y técnicas",74,36.24
2007,"Otras industrias extractivas",8,7.03
2007,"Otros servicios personales",96,43.69
2007,"Pesca y acuicultura",3,14.45
2007,"Programación y radiodifusión",60,26.66
2007,"Recolección, transporte, tratamiento y disposición final de residuos",38,4.7
2007,"Reparación de computadoras y equipos de uso doméstico",95,17.12
2007,"Reparacion de maquinaria y equipo",33,8.35
2007,"Servicio de correo y mensajería",53,13.34
2007,"Servicios a edificios y actividades de jardinería",81,47.71
2007,"Servicios artísticos y de espectáculos",90,33.11
2007,"Servicios audiovisuales",59,41.18
2007,"Servicios auxiliares de la actividad financiera y de seguros",66,49.19
2007,"Servicios de alojamiento",55,52.74
2007,"Servicios de arquitectura e ingeniería",71,13.91
2007,"Servicios de asociaciones",94,48.16
2007,"Servicios de bibliotecas, archivos y museos y  servicios culturales n.c.p.",91,58.04
2007,"Servicios de depuración de agua residual, alcantarillado y cloacas",37,11.4
2007,"Servicios de expendio de alimentos y bebidas",56,37.43
2007,"Servicios de obtención y dotación de personal",78,26.78
2007,"Servicios de programación, consultoría informática y actividades conexas",62,31.53
2007,"Servicios de publicidad e investigación de mercado",73,48.96
2007,"Servicios de salud humana",86,71.49
2007,"Servicios de seguros, reaseguros y pensiones",65,51.61
2007,"Servicios financieros (excepto seguros y pensiones)",64,45.01
2007,"Servicios inmobiliarios",68,32.8
2007,"Servicios jurídicos y de contabilidad",69,65.9
2007,"Servicios sin alojamiento",88,73.42
2007,"Servicios sociales con alojamiento",87,86.71
2007,"Servicios veterinarios",75,44.46
2007,"Servicios y asesoramiento de dirección y gestión empresarial",70,34.4
2007,"Silvicultura y explotación forestal",2,4.41
2007,"Sin clasificar",999999,29.18
2007,"Suministro de electricidad, gas, vapor y aire acondicionado",35,16.2
2007,"Telecomunicaciones",61,36.66
2007,"Transporte aéreo",51,40.71
2007,"Transporte marítimo y pluvial",50,16.62
2007,"Transporte terrestre y por tuberías",49,5.34
2007,"Venta, mantenimiento y reparación de vehículos automotores y motocicletas",45,14.3
2008,"Actividades administrativas de oficinas y empresas",82,43.36
2008,"Actividades de apoyo a la minería",9,5.7
2008,"Actividades de construcción especializada",43,5.37
2008,"Actividades de investigación y seguridad",80,9.58
2008,"Actividades de organismos extraterritoriales",99,53.78
2008,"Actividades de procesamiento de información",63,39.38
2008,"Actividades deportivas, recreativas y de entretenimiento",93,31.33
2008,"Administración pública, defensa y seguridad social",84,43.42
2008,"Agencias de viajes, servicios de reservas y actividades conexas",79,53.39
2008,"Agricultura, ganadería, caza y servicios relacionados",1,11.25
2008,"Almacenamiento y logística",52,16.01
2008,"Alquiler y leasing",77,17.4
2008,"Captación, depuración y distribución de agua",36,18.96
2008,"Comercio al por mayor excepto autos y motos",46,24.58
2008,"Comercio al por menor excepto autos y motos",47,42.9
2008,"Construcción de edificios y partes",41,3.41
2008,"Descontaminación y otros servicios",39,11.48
2008,"Edición",58,38.27
2008,"Elaboración de bebidas",11,14.82
2008,"Elaboración de prendas de vestir",14,59.73
2008,"Elaboración de productos alimenticios",10,19.82
2008,"Elaboración de productos de cuero",15,23.58
2008,"Elaboración de productos de madera",16,7.17
2008,"Elaboración de productos de papel",17,13.44
2008,"Elaboración de productos de tabaco",12,17.68
2008,"Elaboracion de productos farmaceuticos",21,36
2008,"Elaboración de productos textiles",13,24.22
2008,"Enseñanza",85,74.06
2008,"Extracción de carbon y lignito",5,4.32
2008,"Extracción de minerales metálicos",7,8.67
2008,"Extracción de petroleo crudo y gas natural",6,17.04
2008,"Fabricación de aparatos de uso doméstico",27,12.87
2008,"Fabricación de equipo de transporte",30,7.83
2008,"Fabricación de equipos automotores",29,9.24
2008,"Fabricación de equipos electrónicos",26,24.86
2008,"Fabricación de maquinaria",28,8.67
2008,"Fabricación de muebles y colchones",31,12.08
2008,"Fabricación de productos de caucho y plástico",22,13.27
2008,"Fabricación de productos de hornos de coque",19,20.23
2008,"Fabricación de productos de vidrio y minerales no metálicos",23,7
2008,"Fabricación de productos metálicos",25,8.17
2008,"Fabricación de sustancias químicas",20,23.19
2008,"Imprentas y editoriales",18,20.44
2008,"Industrias básicas de hierro y acero",24,6.19
2008,"Industrias manufactureras diversas",32,22.25
2008,"Ingeniería civil",42,5.58
2008,"Investigación y desarrollo científico",72,58.32
2008,"Juegos de azar, apuestas",92,48.46
2008,"Otras actividades profesionales, científicas y técnicas",74,36.61
2008,"Otras industrias extractivas",8,7.09
2008,"Otros servicios personales",96,45.12
2008,"Pesca y acuicultura",3,13.44
2008,"Programación y radiodifusión",60,26.88
2008,"Recolección, transporte, tratamiento y disposición final de residuos",38,4.64
2008,"Reparación de computadoras y equipos de uso doméstico",95,17.38
2008,"Reparacion de maquinaria y equipo",33,8.25
2008,"Servicio de correo y mensajería",53,13.82
2008,"Servicios a edificios y actividades de jardinería",81,49.62
2008,"Servicios artísticos y de espectáculos",90,33.56
2008,"Servicios audiovisuales",59,41.61
2008,"Servicios auxiliares de la actividad financiera y de seguros",66,50.15
2008,"Servicios de alojamiento",55,53.63
2008,"Servicios de arquitectura e ingeniería",71,15.06
2008,"Servicios de asociaciones",94,48.43
2008,"Servicios de bibliotecas, archivos y museos y  servicios culturales n.c.p.",91,57.36
2008,"Servicios de depuración de agua residual, alcantarillado y cloacas",37,12.11
2008,"Servicios de expendio de alimentos y bebidas",56,39.03
2008,"Servicios de obtención y dotación de personal",78,26.47
2008,"Servicios de programación, consultoría informática y actividades conexas",62,31.49
2008,"Servicios de publicidad e investigación de mercado",73,48.46
2008,"Servicios de salud humana",86,71.51
2008,"Servicios de seguros, reaseguros y pensiones",65,51.81
2008,"Servicios financieros (excepto seguros y pensiones)",64,46.2
2008,"Servicios inmobiliarios",68,33.66
2008,"Servicios jurídicos y de contabilidad",69,67.38
2008,"Servicios sin alojamiento",88,75.1
2008,"Servicios sociales con alojamiento",87,86.99
2008,"Servicios veterinarios",75,45.79
2008,"Servicios y asesoramiento de dirección y gestión empresarial",70,35.6
2008,"Silvicultura y explotación forestal",2,5.15
2008,"Sin clasificar",999999,25.67
2008,"Suministro de electricidad, gas, vapor y aire acondicionado",35,16.35
2008,"Telecomunicaciones",61,36.93
2008,"Transporte aéreo",51,40.59
2008,"Transporte marítimo y pluvial",50,17.11
2008,"Transporte terrestre y por tuberías",49,5.41
2008,"Venta, mantenimiento y reparación de vehículos automotores y motocicletas",45,14.92
2009,"Actividades administrativas de oficinas y empresas",82,44.82
2009,"Actividades de apoyo a la minería",9,5.79
2009,"Actividades de construcción especializada",43,5.82
2009,"Actividades de investigación y seguridad",80,9.61
2009,"Actividades de organismos extraterritoriales",99,54.77
2009,"Actividades de procesamiento de información",63,41.04
2009,"Actividades deportivas, recreativas y de entretenimiento",93,31.06
2009,"Administración pública, defensa y seguridad social",84,44.68
2009,"Agencias de viajes, servicios de reservas y actividades conexas",79,53.31
2009,"Agricultura, ganadería, caza y servicios relacionados",1,11.39
2009,"Almacenamiento y logística",52,16.09
2009,"Alquiler y leasing",77,17.5
2009,"Captación, depuración y distribución de agua",36,19.06
2009,"Comercio al por mayor excepto autos y motos",46,24.75
2009,"Comercio al por menor excepto autos y motos",47,43.59
2009,"Construcción de edificios y partes",41,3.76
2009,"Descontaminación y otros servicios",39,11.74
2009,"Edición",58,38.04
2009,"Elaboración de bebidas",11,14.73
2009,"Elaboración de prendas de vestir",14,59.32
2009,"Elaboración de productos alimenticios",10,19.67
2009,"Elaboración de productos de cuero",15,25.63
2009,"Elaboración de productos de madera",16,7.52
2009,"Elaboración de productos de papel",17,13.39
2009,"Elaboración de productos de tabaco",12,17.04
2009,"Elaboracion de productos farmaceuticos",21,35.96
2009,"Elaboración de productos textiles",13,24.23
2009,"Enseñanza",85,73.92
2009,"Extracción de carbon y lignito",5,8.76
2009,"Extracción de minerales metálicos",7,8.24
2009,"Extracción de petroleo crudo y gas natural",6,17.22
2009,"Fabricación de aparatos de uso doméstico",27,12.92
2009,"Fabricación de equipo de transporte",30,8.06
2009,"Fabricación de equipos automotores",29,9.55
2009,"Fabricación de equipos electrónicos",26,25.22
2009,"Fabricación de maquinaria",28,9.04
2009,"Fabricación de muebles y colchones",31,12.53
2009,"Fabricación de productos de caucho y plástico",22,13.41
2009,"Fabricación de productos de hornos de coque",19,20.59
2009,"Fabricación de productos de vidrio y minerales no metálicos",23,7.2
2009,"Fabricación de productos metálicos",25,8.36
2009,"Fabricación de sustancias químicas",20,23.38
2009,"Imprentas y editoriales",18,20.76
2009,"Industrias básicas de hierro y acero",24,6.42
2009,"Industrias manufactureras diversas",32,22.31
2009,"Ingeniería civil",42,5.89
2009,"Investigación y desarrollo científico",72,59.02
2009,"Juegos de azar, apuestas",92,48.37
2009,"Otras actividades profesionales, científicas y técnicas",74,37.3
2009,"Otras industrias extractivas",8,7.28
2009,"Otros servicios personales",96,46.23
2009,"Pesca y acuicultura",3,14.02
2009,"Programación y radiodifusión",60,26.39
2009,"Recolección, transporte, tratamiento y disposición final de residuos",38,4.12
2009,"Reparación de computadoras y equipos de uso doméstico",95,17.5
2009,"Reparacion de maquinaria y equipo",33,8.72
2009,"Servicio de correo y mensajería",53,12.81
2009,"Servicios a edificios y actividades de jardinería",81,51.75
2009,"Servicios artísticos y de espectáculos",90,33.99
2009,"Servicios audiovisuales",59,41.1
2009,"Servicios auxiliares de la actividad financiera y de seguros",66,50.09
2009,"Servicios de alojamiento",55,54.07
2009,"Servicios de arquitectura e ingeniería",71,15.88
2009,"Servicios de asociaciones",94,48.39
2009,"Servicios de bibliotecas, archivos y museos y  servicios culturales n.c.p.",91,57.87
2009,"Servicios de depuración de agua residual, alcantarillado y cloacas",37,12.79
2009,"Servicios de expendio de alimentos y bebidas",56,39.63
2009,"Servicios de obtención y dotación de personal",78,28.6
2009,"Servicios de programación, consultoría informática y actividades conexas",62,30.56
2009,"Servicios de publicidad e investigación de mercado",73,47.54
2009,"Servicios de salud humana",86,71.7
2009,"Servicios de seguros, reaseguros y pensiones",65,51.14
2009,"Servicios financieros (excepto seguros y pensiones)",64,46
2009,"Servicios inmobiliarios",68,34.11
2009,"Servicios jurídicos y de contabilidad",69,67.97
2009,"Servicios sin alojamiento",88,76.15
2009,"Servicios sociales con alojamiento",87,87.17
2009,"Servicios veterinarios",75,47.85
2009,"Servicios y asesoramiento de dirección y gestión empresarial",70,36.39
2009,"Silvicultura y explotación forestal",2,6.46
2009,"Sin clasificar",999999,23.26
2009,"Suministro de electricidad, gas, vapor y aire acondicionado",35,16.47
2009,"Telecomunicaciones",61,37.27
2009,"Transporte aéreo",51,40.43
2009,"Transporte marítimo y pluvial",50,16.5
2009,"Transporte terrestre y por tuberías",49,5.42
2009,"Venta, mantenimiento y reparación de vehículos automotores y motocicletas",45,15.21
2010,"Actividades administrativas de oficinas y empresas",82,45.06
2010,"Actividades de apoyo a la minería",9,5.63
2010,"Actividades de construcción especializada",43,5.91
2010,"Actividades de investigación y seguridad",80,9.58
2010,"Actividades de organismos extraterritoriales",99,54.81
2010,"Actividades de procesamiento de información",63,39.62
2010,"Actividades deportivas, recreativas y de entretenimiento",93,31.52
2010,"Administración pública, defensa y seguridad social",84,48.19
2010,"Agencias de viajes, servicios de reservas y actividades conexas",79,53.6
2010,"Agricultura, ganadería, caza y servicios relacionados",1,11.33
2010,"Almacenamiento y logística",52,16.23
2010,"Alquiler y leasing",77,16.67
2010,"Captación, depuración y distribución de agua",36,18.86
2010,"Comercio al por mayor excepto autos y motos",46,24.78
2010,"Comercio al por menor excepto autos y motos",47,43.99
2010,"Construcción de edificios y partes",41,3.87
2010,"Descontaminación y otros servicios",39,10.55
2010,"Edición",58,38.35
2010,"Elaboración de bebidas",11,14.7
2010,"Elaboración de prendas de vestir",14,58.7
2010,"Elaboración de productos alimenticios",10,19.53
2010,"Elaboración de productos de cuero",15,25.36
2010,"Elaboración de productos de madera",16,7.7
2010,"Elaboración de productos de papel",17,13.4
2010,"Elaboración de productos de tabaco",12,16.6
2010,"Elaboracion de productos farmaceuticos",21,35.75
2010,"Elaboración de productos textiles",13,23.69
2010,"Enseñanza",85,73.84
2010,"Extracción de carbon y lignito",5,6.54
2010,"Extracción de minerales metálicos",7,7.72
2010,"Extracción de petroleo crudo y gas natural",6,17.34
2010,"Fabricación de aparatos de uso doméstico",27,13.04
2010,"Fabricación de equipo de transporte",30,8.23
2010,"Fabricación de equipos automotores",29,9.56
2010,"Fabricación de equipos electrónicos",26,26.06
2010,"Fabricación de maquinaria",28,8.92
2010,"Fabricación de muebles y colchones",31,12.68
2010,"Fabricación de productos de caucho y plástico",22,13.1
2010,"Fabricación de productos de hornos de coque",19,20.67
2010,"Fabricación de productos de vidrio y minerales no metálicos",23,7.31
2010,"Fabricación de productos metálicos",25,8.45
2010,"Fabricación de sustancias químicas",20,23.42
2010,"Imprentas y editoriales",18,20.83
2010,"Industrias básicas de hierro y acero",24,6.31
2010,"Industrias manufactureras diversas",32,22.69
2010,"Ingeniería civil",42,6.14
2010,"Investigación y desarrollo científico",72,60.36
2010,"Juegos de azar, apuestas",92,48.65
2010,"Otras actividades profesionales, científicas y técnicas",74,39.68
2010,"Otras industrias extractivas",8,7.56
2010,"Otros servicios personales",96,46.9
2010,"Pesca y acuicultura",3,13.27
2010,"Programación y radiodifusión",60,26.9
2010,"Recolección, transporte, tratamiento y disposición final de residuos",38,3.84
2010,"Reparación de computadoras y equipos de uso doméstico",95,17.28
2010,"Reparacion de maquinaria y equipo",33,9.06
2010,"Servicio de correo y mensajería",53,12.81
2010,"Servicios a edificios y actividades de jardinería",81,51.69
2010,"Servicios artísticos y de espectáculos",90,33.86
2010,"Servicios audiovisuales",59,41.56
2010,"Servicios auxiliares de la actividad financiera y de seguros",66,50.45
2010,"Servicios de alojamiento",55,54.12
2010,"Servicios de arquitectura e ingeniería",71,16.03
2010,"Servicios de asociaciones",94,48.03
2010,"Servicios de bibliotecas, archivos y museos y  servicios culturales n.c.p.",91,57.54
2010,"Servicios de depuración de agua residual, alcantarillado y cloacas",37,12.01
2010,"Servicios de expendio de alimentos y bebidas",56,39.9
2010,"Servicios de obtención y dotación de personal",78,25.87
2010,"Servicios de programación, consultoría informática y actividades conexas",62,30.54
2010,"Servicios de publicidad e investigación de mercado",73,48.15
2010,"Servicios de salud humana",86,71.65
2010,"Servicios de seguros, reaseguros y pensiones",65,51.63
2010,"Servicios financieros (excepto seguros y pensiones)",64,46.82
2010,"Servicios inmobiliarios",68,34.83
2010,"Servicios jurídicos y de contabilidad",69,68.31
2010,"Servicios sin alojamiento",88,76.61
2010,"Servicios sociales con alojamiento",87,87.39
2010,"Servicios veterinarios",75,49.07
2010,"Servicios y asesoramiento de dirección y gestión empresarial",70,37.48
2010,"Silvicultura y explotación forestal",2,5.69
2010,"Sin clasificar",999999,23.49
2010,"Suministro de electricidad, gas, vapor y aire acondicionado",35,16.58
2010,"Telecomunicaciones",61,37.03
2010,"Transporte aéreo",51,40.57
2010,"Transporte marítimo y pluvial",50,16.32
2010,"Transporte terrestre y por tuberías",49,5.36
2010,"Venta, mantenimiento y reparación de vehículos automotores y motocicletas",45,15.69
2011,"Actividades administrativas de oficinas y empresas",82,45.35
2011,"Actividades de apoyo a la minería",9,5.65
2011,"Actividades de construcción especializada",43,5.81
2011,"Actividades de investigación y seguridad",80,9.69
2011,"Actividades de organismos extraterritoriales",99,54.27
2011,"Actividades de procesamiento de información",63,38.07
2011,"Actividades deportivas, recreativas y de entretenimiento",93,32.14
2011,"Administración pública, defensa y seguridad social",84,50.1
2011,"Agencias de viajes, servicios de reservas y actividades conexas",79,54.26
2011,"Agricultura, ganadería, caza y servicios relacionados",1,11.57
2011,"Almacenamiento y logística",52,16.1
2011,"Alquiler y leasing",77,15.16
2011,"Captación, depuración y distribución de agua",36,19.08
2011,"Comercio al por mayor excepto autos y motos",46,24.92
2011,"Comercio al por menor excepto autos y motos",47,44.34
2011,"Construcción de edificios y partes",41,3.83
2011,"Descontaminación y otros servicios",39,10.33
2011,"Edición",58,38.19
2011,"Elaboración de bebidas",11,15.1
2011,"Elaboración de prendas de vestir",14,58.19
2011,"Elaboración de productos alimenticios",10,20.09
2011,"Elaboración de productos de cuero",15,26.08
2011,"Elaboración de productos de madera",16,7.78
2011,"Elaboración de productos de papel",17,13.5
2011,"Elaboración de productos de tabaco",12,17.36
2011,"Elaboracion de productos farmaceuticos",21,35.78
2011,"Elaboración de productos textiles",13,23.57
2011,"Enseñanza",85,73.83
2011,"Extracción de carbon y lignito",5,6.13
2011,"Extracción de minerales metálicos",7,7.63
2011,"Extracción de petroleo crudo y gas natural",6,17.45
2011,"Fabricación de aparatos de uso doméstico",27,13.05
2011,"Fabricación de equipo de transporte",30,8.63
2011,"Fabricación de equipos automotores",29,9.31
2011,"Fabricación de equipos electrónicos",26,27.63
2011,"Fabricación de maquinaria",28,8.8
2011,"Fabricación de muebles y colchones",31,12.82
2011,"Fabricación de productos de caucho y plástico",22,12.88
2011,"Fabricación de productos de hornos de coque",19,20.9
2011,"Fabricación de productos de vidrio y minerales no metálicos",23,7.23
2011,"Fabricación de productos metálicos",25,8.38
2011,"Fabricación de sustancias químicas",20,23.23
2011,"Imprentas y editoriales",18,21.09
2011,"Industrias básicas de hierro y acero",24,6.48
2011,"Industrias manufactureras diversas",32,21.76
2011,"Ingeniería civil",42,6.03
2011,"Investigación y desarrollo científico",72,60.38
2011,"Juegos de azar, apuestas",92,48.92
2011,"Otras actividades profesionales, científicas y técnicas",74,41.32
2011,"Otras industrias extractivas",8,8.46
2011,"Otros servicios personales",96,46.99
2011,"Pesca y acuicultura",3,12.43
2011,"Programación y radiodifusión",60,26.83
2011,"Recolección, transporte, tratamiento y disposición final de residuos",38,3.81
2011,"Reparación de computadoras y equipos de uso doméstico",95,18.32
2011,"Reparacion de maquinaria y equipo",33,8.86
2011,"Servicio de correo y mensajería",53,12.76
2011,"Servicios a edificios y actividades de jardinería",81,51.98
2011,"Servicios artísticos y de espectáculos",90,33.52
2011,"Servicios audiovisuales",59,41.65
2011,"Servicios auxiliares de la actividad financiera y de seguros",66,51.49
2011,"Servicios de alojamiento",55,54.5
2011,"Servicios de arquitectura e ingeniería",71,16.21
2011,"Servicios de asociaciones",94,48.54
2011,"Servicios de bibliotecas, archivos y museos y  servicios culturales n.c.p.",91,57.11
2011,"Servicios de depuración de agua residual, alcantarillado y cloacas",37,11.99
2011,"Servicios de expendio de alimentos y bebidas",56,40.24
2011,"Servicios de obtención y dotación de personal",78,25.55
2011,"Servicios de programación, consultoría informática y actividades conexas",62,30.66
2011,"Servicios de publicidad e investigación de mercado",73,48.64
2011,"Servicios de salud humana",86,71.61
2011,"Servicios de seguros, reaseguros y pensiones",65,51.65
2011,"Servicios financieros (excepto seguros y pensiones)",64,47.78
2011,"Servicios inmobiliarios",68,35.4
2011,"Servicios jurídicos y de contabilidad",69,68.28
2011,"Servicios sin alojamiento",88,76.94
2011,"Servicios sociales con alojamiento",87,87.5
2011,"Servicios veterinarios",75,49.67
2011,"Servicios y asesoramiento de dirección y gestión empresarial",70,38.55
2011,"Silvicultura y explotación forestal",2,4.9
2011,"Sin clasificar",999999,24.9
2011,"Suministro de electricidad, gas, vapor y aire acondicionado",35,16.32
2011,"Telecomunicaciones",61,37.01
2011,"Transporte aéreo",51,40.85
2011,"Transporte marítimo y pluvial",50,15.96
2011,"Transporte terrestre y por tuberías",49,5.31
2011,"Venta, mantenimiento y reparación de vehículos automotores y motocicletas",45,16.39
2012,"Actividades administrativas de oficinas y empresas",82,46.71
2012,"Actividades de apoyo a la minería",9,5.78
2012,"Actividades de construcción especializada",43,5.87
2012,"Actividades de investigación y seguridad",80,9.97
2012,"Actividades de organismos extraterritoriales",99,54.35
2012,"Actividades de procesamiento de información",63,37.31
2012,"Actividades deportivas, recreativas y de entretenimiento",93,32.39
2012,"Administración pública, defensa y seguridad social",84,49.58
2012,"Agencias de viajes, servicios de reservas y actividades conexas",79,54.51
2012,"Agricultura, ganadería, caza y servicios relacionados",1,11.68
2012,"Almacenamiento y logística",52,16.07
2012,"Alquiler y leasing",77,15.77
2012,"Captación, depuración y distribución de agua",36,19.02
2012,"Comercio al por mayor excepto autos y motos",46,24.84
2012,"Comercio al por menor excepto autos y motos",47,44.61
2012,"Construcción de edificios y partes",41,4.16
2012,"Descontaminación y otros servicios",39,11.62
2012,"Edición",58,37.92
2012,"Elaboración de bebidas",11,15.68
2012,"Elaboración de prendas de vestir",14,57.55
2012,"Elaboración de productos alimenticios",10,20.25
2012,"Elaboración de productos de cuero",15,25.57
2012,"Elaboración de productos de madera",16,7.82
2012,"Elaboración de productos de papel",17,13.39
2012,"Elaboración de productos de tabaco",12,17.8
2012,"Elaboracion de productos farmaceuticos",21,35.64
2012,"Elaboración de productos textiles",13,23.81
2012,"Enseñanza",85,73.8
2012,"Extracción de carbon y lignito",5,2.33
2012,"Extracción de minerales metálicos",7,7.96
2012,"Extracción de petroleo crudo y gas natural",6,17.89
2012,"Fabricación de aparatos de uso doméstico",27,12.97
2012,"Fabricación de equipo de transporte",30,9.32
2012,"Fabricación de equipos automotores",29,9.34
2012,"Fabricación de equipos electrónicos",26,28.56
2012,"Fabricación de maquinaria",28,9
2012,"Fabricación de muebles y colchones",31,12.82
2012,"Fabricación de productos de caucho y plástico",22,12.67
2012,"Fabricación de productos de hornos de coque",19,20.99
2012,"Fabricación de productos de vidrio y minerales no metálicos",23,7.42
2012,"Fabricación de productos metálicos",25,8.58
2012,"Fabricación de sustancias químicas",20,22.49
2012,"Imprentas y editoriales",18,21.02
2012,"Industrias básicas de hierro y acero",24,6.64
2012,"Industrias manufactureras diversas",32,21.36
2012,"Ingeniería civil",42,6.43
2012,"Investigación y desarrollo científico",72,60.34
2012,"Juegos de azar, apuestas",92,48.89
2012,"Otras actividades profesionales, científicas y técnicas",74,42.69
2012,"Otras industrias extractivas",8,8.55
2012,"Otros servicios personales",96,47.44
2012,"Pesca y acuicultura",3,11.4
2012,"Programación y radiodifusión",60,26.97
2012,"Recolección, transporte, tratamiento y disposición final de residuos",38,3.99
2012,"Reparación de computadoras y equipos de uso doméstico",95,19.37
2012,"Reparacion de maquinaria y equipo",33,9
2012,"Servicio de correo y mensajería",53,12.21
2012,"Servicios a edificios y actividades de jardinería",81,52.42
2012,"Servicios artísticos y de espectáculos",90,33.28
2012,"Servicios audiovisuales",59,41.96
2012,"Servicios auxiliares de la actividad financiera y de seguros",66,52.31
2012,"Servicios de alojamiento",55,54.76
2012,"Servicios de arquitectura e ingeniería",71,16.83
2012,"Servicios de asociaciones",94,49.24
2012,"Servicios de bibliotecas, archivos y museos y  servicios culturales n.c.p.",91,56.49
2012,"Servicios de depuración de agua residual, alcantarillado y cloacas",37,12.92
2012,"Servicios de expendio de alimentos y bebidas",56,40.79
2012,"Servicios de obtención y dotación de personal",78,24.43
2012,"Servicios de programación, consultoría informática y actividades conexas",62,30.63
2012,"Servicios de publicidad e investigación de mercado",73,48.13
2012,"Servicios de salud humana",86,71.49
2012,"Servicios de seguros, reaseguros y pensiones",65,51.54
2012,"Servicios financieros (excepto seguros y pensiones)",64,48.19
2012,"Servicios inmobiliarios",68,35.85
2012,"Servicios jurídicos y de contabilidad",69,67.87
2012,"Servicios sin alojamiento",88,77.07
2012,"Servicios sociales con alojamiento",87,87.54
2012,"Servicios veterinarios",75,51.28
2012,"Servicios y asesoramiento de dirección y gestión empresarial",70,40.85
2012,"Silvicultura y explotación forestal",2,4.6
2012,"Sin clasificar",999999,26.21
2012,"Suministro de electricidad, gas, vapor y aire acondicionado",35,16.45
2012,"Telecomunicaciones",61,36.47
2012,"Transporte aéreo",51,40.86
2012,"Transporte marítimo y pluvial",50,15.58
2012,"Transporte terrestre y por tuberías",49,5.31
2012,"Venta, mantenimiento y reparación de vehículos automotores y motocicletas",45,16.93
2013,"Actividades administrativas de oficinas y empresas",82,48.13
2013,"Actividades de apoyo a la minería",9,5.93
2013,"Actividades de construcción especializada",43,5.89
2013,"Actividades de investigación y seguridad",80,10.17
2013,"Actividades de organismos extraterritoriales",99,55.66
2013,"Actividades de procesamiento de información",63,36.98
2013,"Actividades deportivas, recreativas y de entretenimiento",93,32.22
2013,"Administración pública, defensa y seguridad social",84,49.99
2013,"Agencias de viajes, servicios de reservas y actividades conexas",79,54.59
2013,"Agricultura, ganadería, caza y servicios relacionados",1,11.89
2013,"Almacenamiento y logística",52,16.27
2013,"Alquiler y leasing",77,15.71
2013,"Captación, depuración y distribución de agua",36,18.76
2013,"Comercio al por mayor excepto autos y motos",46,24.92
2013,"Comercio al por menor excepto autos y motos",47,44.42
2013,"Construcción de edificios y partes",41,4.19
2013,"Descontaminación y otros servicios",39,10.43
2013,"Edición",58,37.69
2013,"Elaboración de bebidas",11,15.89
2013,"Elaboración de prendas de vestir",14,56.79
2013,"Elaboración de productos alimenticios",10,20.24
2013,"Elaboración de productos de cuero",15,25.13
2013,"Elaboración de productos de madera",16,7.92
2013,"Elaboración de productos de papel",17,13.42
2013,"Elaboración de productos de tabaco",12,17.04
2013,"Elaboracion de productos farmaceuticos",21,35.41
2013,"Elaboración de productos textiles",13,23.78
2013,"Enseñanza",85,73.73
2013,"Extracción de carbon y lignito",5,0.23
2013,"Extracción de minerales metálicos",7,7.61
2013,"Extracción de petroleo crudo y gas natural",6,17.98
2013,"Fabricación de aparatos de uso doméstico",27,12.93
2013,"Fabricación de equipo de transporte",30,9.2
2013,"Fabricación de equipos automotores",29,9.41
2013,"Fabricación de equipos electrónicos",26,29.71
2013,"Fabricación de maquinaria",28,9.27
2013,"Fabricación de muebles y colchones",31,13.08
2013,"Fabricación de productos de caucho y plástico",22,12.37
2013,"Fabricación de productos de hornos de coque",19,21.02
2013,"Fabricación de productos de vidrio y minerales no metálicos",23,7.43
2013,"Fabricación de productos metálicos",25,8.81
2013,"Fabricación de sustancias químicas",20,21.14
2013,"Imprentas y editoriales",18,21.05
2013,"Industrias básicas de hierro y acero",24,6.79
2013,"Industrias manufactureras diversas",32,21.04
2013,"Ingeniería civil",42,6.46
2013,"Investigación y desarrollo científico",72,60.3
2013,"Juegos de azar, apuestas",92,48.79
2013,"Otras actividades profesionales, científicas y técnicas",74,43.6
2013,"Otras industrias extractivas",8,8.53
2013,"Otros servicios personales",96,47.52
2013,"Pesca y acuicultura",3,10.65
2013,"Programación y radiodifusión",60,27.1
2013,"Recolección, transporte, tratamiento y disposición final de residuos",38,4.15
2013,"Reparación de computadoras y equipos de uso doméstico",95,19.29
2013,"Reparacion de maquinaria y equipo",33,9.36
2013,"Servicio de correo y mensajería",53,12.22
2013,"Servicios a edificios y actividades de jardinería",81,52.36
2013,"Servicios artísticos y de espectáculos",90,32.9
2013,"Servicios audiovisuales",59,41.98
2013,"Servicios auxiliares de la actividad financiera y de seguros",66,52.85
2013,"Servicios de alojamiento",55,54.84
2013,"Servicios de arquitectura e ingeniería",71,16.81
2013,"Servicios de asociaciones",94,49.32
2013,"Servicios de bibliotecas, archivos y museos y  servicios culturales n.c.p.",91,56.39
2013,"Servicios de depuración de agua residual, alcantarillado y cloacas",37,12.29
2013,"Servicios de expendio de alimentos y bebidas",56,41.28
2013,"Servicios de obtención y dotación de personal",78,24.31
2013,"Servicios de programación, consultoría informática y actividades conexas",62,30.43
2013,"Servicios de publicidad e investigación de mercado",73,47.62
2013,"Servicios de salud humana",86,71.37
2013,"Servicios de seguros, reaseguros y pensiones",65,51.46
2013,"Servicios financieros (excepto seguros y pensiones)",64,48.42
2013,"Servicios inmobiliarios",68,36.15
2013,"Servicios jurídicos y de contabilidad",69,67.76
2013,"Servicios sin alojamiento",88,76.86
2013,"Servicios sociales con alojamiento",87,87.22
2013,"Servicios veterinarios",75,52.79
2013,"Servicios y asesoramiento de dirección y gestión empresarial",70,42.34
2013,"Silvicultura y explotación forestal",2,4.52
2013,"Sin clasificar",999999,37.3
2013,"Suministro de electricidad, gas, vapor y aire acondicionado",35,16.46
2013,"Telecomunicaciones",61,36.08
2013,"Transporte aéreo",51,39.76
2013,"Transporte marítimo y pluvial",50,15.21
2013,"Transporte terrestre y por tuberías",49,5.38
2013,"Venta, mantenimiento y reparación de vehículos automotores y motocicletas",45,17.63
2014,"Actividades administrativas de oficinas y empresas",82,48.63
2014,"Actividades de apoyo a la minería",9,6.09
2014,"Actividades de construcción especializada",43,6.24
2014,"Actividades de investigación y seguridad",80,10.25
2014,"Actividades de organismos extraterritoriales",99,56.11
2014,"Actividades de procesamiento de información",63,36.85
2014,"Actividades deportivas, recreativas y de entretenimiento",93,32.14
2014,"Administración pública, defensa y seguridad social",84,50.17
2014,"Agencias de viajes, servicios de reservas y actividades conexas",79,54.28
2014,"Agricultura, ganadería, caza y servicios relacionados",1,12.48
2014,"Almacenamiento y logística",52,16.56
2014,"Alquiler y leasing",77,16.13
2014,"Captación, depuración y distribución de agua",36,18.75
2014,"Comercio al por mayor excepto autos y motos",46,24.78
2014,"Comercio al por menor excepto autos y motos",47,44.42
2014,"Construcción de edificios y partes",41,4.27
2014,"Descontaminación y otros servicios",39,10.19
2014,"Edición",58,37.83
2014,"Elaboración de bebidas",11,16.3
2014,"Elaboración de prendas de vestir",14,56.62
2014,"Elaboración de productos alimenticios",10,20.22
2014,"Elaboración de productos de cuero",15,24.8
2014,"Elaboración de productos de madera",16,7.88
2014,"Elaboración de productos de papel",17,13.51
2014,"Elaboración de productos de tabaco",12,17.24
2014,"Elaboracion de productos farmaceuticos",21,35.34
2014,"Elaboración de productos textiles",13,23.56
2014,"Enseñanza",85,73.69
2014,"Extracción de carbon y lignito",5,0.83
2014,"Extracción de minerales metálicos",7,6.95
2014,"Extracción de petroleo crudo y gas natural",6,18.2
2014,"Fabricación de aparatos de uso doméstico",27,12.99
2014,"Fabricación de equipo de transporte",30,8.8
2014,"Fabricación de equipos automotores",29,9.67
2014,"Fabricación de equipos electrónicos",26,29.18
2014,"Fabricación de maquinaria",28,9.45
2014,"Fabricación de muebles y colchones",31,13.65
2014,"Fabricación de productos de caucho y plástico",22,12.23
2014,"Fabricación de productos de hornos de coque",19,21.14
2014,"Fabricación de productos de vidrio y minerales no metálicos",23,7.34
2014,"Fabricación de productos metálicos",25,9.11
2014,"Fabricación de sustancias químicas",20,20.73
2014,"Imprentas y editoriales",18,21.6
2014,"Industrias básicas de hierro y acero",24,7.01
2014,"Industrias manufactureras diversas",32,20.79
2014,"Ingeniería civil",42,6.69
2014,"Investigación y desarrollo científico",72,59.97
2014,"Juegos de azar, apuestas",92,48.44
2014,"Otras actividades profesionales, científicas y técnicas",74,44.53
2014,"Otras industrias extractivas",8,8.04
2014,"Otros servicios personales",96,47.5
2014,"Pesca y acuicultura",3,10.7
2014,"Programación y radiodifusión",60,26.98
2014,"Recolección, transporte, tratamiento y disposición final de residuos",38,4.37
2014,"Reparación de computadoras y equipos de uso doméstico",95,20.27
2014,"Reparacion de maquinaria y equipo",33,9.22
2014,"Servicio de correo y mensajería",53,12.29
2014,"Servicios a edificios y actividades de jardinería",81,52.49
2014,"Servicios artísticos y de espectáculos",90,31.4
2014,"Servicios audiovisuales",59,41.76
2014,"Servicios auxiliares de la actividad financiera y de seguros",66,53.06
2014,"Servicios de alojamiento",55,54.77
2014,"Servicios de arquitectura e ingeniería",71,16.73
2014,"Servicios de asociaciones",94,49.44
2014,"Servicios de bibliotecas, archivos y museos y  servicios culturales n.c.p.",91,56.93
2014,"Servicios de depuración de agua residual, alcantarillado y cloacas",37,11.79
2014,"Servicios de expendio de alimentos y bebidas",56,41.6
2014,"Servicios de obtención y dotación de personal",78,23.43
2014,"Servicios de programación, consultoría informática y actividades conexas",62,30.28
2014,"Servicios de publicidad e investigación de mercado",73,47.8
2014,"Servicios de salud humana",86,71.28
2014,"Servicios de seguros, reaseguros y pensiones",65,52
2014,"Servicios financieros (excepto seguros y pensiones)",64,48.52
2014,"Servicios inmobiliarios",68,36.43
2014,"Servicios jurídicos y de contabilidad",69,67.75
2014,"Servicios sin alojamiento",88,76.61
2014,"Servicios sociales con alojamiento",87,87.14
2014,"Servicios veterinarios",75,53.33
2014,"Servicios y asesoramiento de dirección y gestión empresarial",70,42.92
2014,"Silvicultura y explotación forestal",2,5.09
2014,"Sin clasificar",999999,23.33
2014,"Suministro de electricidad, gas, vapor y aire acondicionado",35,16.3
2014,"Telecomunicaciones",61,35.78
2014,"Transporte aéreo",51,39.57
2014,"Transporte marítimo y pluvial",50,15.12
2014,"Transporte terrestre y por tuberías",49,5.39
2014,"Venta, mantenimiento y reparación de vehículos automotores y motocicletas",45,17.71
2015,"Actividades administrativas de oficinas y empresas",82,48.46
2015,"Actividades de apoyo a la minería",9,6.32
2015,"Actividades de construcción especializada",43,6.31
2015,"Actividades de investigación y seguridad",80,10.41
2015,"Actividades de organismos extraterritoriales",99,55.16
2015,"Actividades de procesamiento de información",63,37.72
2015,"Actividades deportivas, recreativas y de entretenimiento",93,32.17
2015,"Administración pública, defensa y seguridad social",84,50.83
2015,"Agencias de viajes, servicios de reservas y actividades conexas",79,54.62
2015,"Agricultura, ganadería, caza y servicios relacionados",1,12.65
2015,"Almacenamiento y logística",52,16.36
2015,"Alquiler y leasing",77,17.44
2015,"Captación, depuración y distribución de agua",36,18.73
2015,"Comercio al por mayor excepto autos y motos",46,24.73
2015,"Comercio al por menor excepto autos y motos",47,44.4
2015,"Construcción de edificios y partes",41,4.32
2015,"Descontaminación y otros servicios",39,10.87
2015,"Edición",58,38.26
2015,"Elaboración de bebidas",11,16.36
2015,"Elaboración de prendas de vestir",14,55.85
2015,"Elaboración de productos alimenticios",10,20.31
2015,"Elaboración de productos de cuero",15,24.5
2015,"Elaboración de productos de madera",16,8.19
2015,"Elaboración de productos de papel",17,13.33
2015,"Elaboración de productos de tabaco",12,17.41
2015,"Elaboracion de productos farmaceuticos",21,35.37
2015,"Elaboración de productos textiles",13,23.65
2015,"Enseñanza",85,73.73
2015,"Extracción de carbon y lignito",5,1.04
2015,"Extracción de minerales metálicos",7,6.89
2015,"Extracción de petroleo crudo y gas natural",6,18.3
2015,"Fabricación de aparatos de uso doméstico",27,13.26
2015,"Fabricación de equipo de transporte",30,9.12
2015,"Fabricación de equipos automotores",29,9.88
2015,"Fabricación de equipos electrónicos",26,29.65
2015,"Fabricación de maquinaria",28,9.7
2015,"Fabricación de muebles y colchones",31,13.81
2015,"Fabricación de productos de caucho y plástico",22,12.17
2015,"Fabricación de productos de hornos de coque",19,21.7
2015,"Fabricación de productos de vidrio y minerales no metálicos",23,7.28
2015,"Fabricación de productos metálicos",25,9.36
2015,"Fabricación de sustancias químicas",20,21.2
2015,"Imprentas y editoriales",18,21.66
2015,"Industrias básicas de hierro y acero",24,7.27
2015,"Industrias manufactureras diversas",32,20.74
2015,"Ingeniería civil",42,6.66
2015,"Investigación y desarrollo científico",72,59.21
2015,"Juegos de azar, apuestas",92,47.97
2015,"Otras actividades profesionales, científicas y técnicas",74,44.09
2015,"Otras industrias extractivas",8,8.28
2015,"Otros servicios personales",96,47.26
2015,"Pesca y acuicultura",3,10.44
2015,"Programación y radiodifusión",60,26.77
2015,"Recolección, transporte, tratamiento y disposición final de residuos",38,4.61
2015,"Reparación de computadoras y equipos de uso doméstico",95,20.29
2015,"Reparacion de maquinaria y equipo",33,9.24
2015,"Servicio de correo y mensajería",53,12.36
2015,"Servicios a edificios y actividades de jardinería",81,52.5
2015,"Servicios artísticos y de espectáculos",90,31.47
2015,"Servicios audiovisuales",59,42.53
2015,"Servicios auxiliares de la actividad financiera y de seguros",66,53.33
2015,"Servicios de alojamiento",55,54.76
2015,"Servicios de arquitectura e ingeniería",71,16.51
2015,"Servicios de asociaciones",94,49.67
2015,"Servicios de bibliotecas, archivos y museos y  servicios culturales n.c.p.",91,56.71
2015,"Servicios de depuración de agua residual, alcantarillado y cloacas",37,11.38
2015,"Servicios de expendio de alimentos y bebidas",56,41.97
2015,"Servicios de obtención y dotación de personal",78,23.86
2015,"Servicios de programación, consultoría informática y actividades conexas",62,29.96
2015,"Servicios de publicidad e investigación de mercado",73,46.77
2015,"Servicios de salud humana",86,71.14
2015,"Servicios de seguros, reaseguros y pensiones",65,52.44
2015,"Servicios financieros (excepto seguros y pensiones)",64,48.48
2015,"Servicios inmobiliarios",68,36.66
2015,"Servicios jurídicos y de contabilidad",69,67.58
2015,"Servicios sin alojamiento",88,76.47
2015,"Servicios sociales con alojamiento",87,87.14
2015,"Servicios veterinarios",75,53.9
2015,"Servicios y asesoramiento de dirección y gestión empresarial",70,43.13
2015,"Silvicultura y explotación forestal",2,5.29
2015,"Suministro de electricidad, gas, vapor y aire acondicionado",35,16.13
2015,"Telecomunicaciones",61,35.6
2015,"Transporte aéreo",51,39.54
2015,"Transporte marítimo y pluvial",50,15.36
2015,"Transporte terrestre y por tuberías",49,5.48
2015,"Venta, mantenimiento y reparación de vehículos automotores y motocicletas",45,17.91
2016,"Actividades administrativas de oficinas y empresas",82,48.67
2016,"Actividades de apoyo a la minería",9,6.49
2016,"Actividades de construcción especializada",43,6.63
2016,"Actividades de investigación y seguridad",80,10.46
2016,"Actividades de organismos extraterritoriales",99,54.78
2016,"Actividades de procesamiento de información",63,38
2016,"Actividades deportivas, recreativas y de entretenimiento",93,32.18
2016,"Administración pública, defensa y seguridad social",84,53.77
2016,"Agencias de viajes, servicios de reservas y actividades conexas",79,54.86
2016,"Agricultura, ganadería, caza y servicios relacionados",1,12.57
2016,"Almacenamiento y logística",52,16.36
2016,"Alquiler y leasing",77,18.39
2016,"Captación, depuración y distribución de agua",36,18.67
2016,"Comercio al por mayor excepto autos y motos",46,24.91
2016,"Comercio al por menor excepto autos y motos",47,44.36
2016,"Construcción de edificios y partes",41,4.82
2016,"Descontaminación y otros servicios",39,10.41
2016,"Edición",58,38.3
2016,"Elaboración de bebidas",11,16.51
2016,"Elaboración de prendas de vestir",14,55.37
2016,"Elaboración de productos alimenticios",10,20.21
2016,"Elaboración de productos de cuero",15,24.08
2016,"Elaboración de productos de madera",16,8.24
2016,"Elaboración de productos de papel",17,13.22
2016,"Elaboración de productos de tabaco",12,16.83
2016,"Elaboracion de productos farmaceuticos",21,35.22
2016,"Elaboración de productos textiles",13,23.84
2016,"Enseñanza",85,73.69
2016,"Extracción de carbon y lignito",5,1.55
2016,"Extracción de minerales metálicos",7,6.41
2016,"Extracción de petroleo crudo y gas natural",6,17.75
2016,"Fabricación de aparatos de uso doméstico",27,13.27
2016,"Fabricación de equipo de transporte",30,9.8
2016,"Fabricación de equipos automotores",29,10.23
2016,"Fabricación de equipos electrónicos",26,29.66
2016,"Fabricación de maquinaria",28,10.04
2016,"Fabricación de muebles y colchones",31,14.22
2016,"Fabricación de productos de caucho y plástico",22,12.24
2016,"Fabricación de productos de hornos de coque",19,21.67
2016,"Fabricación de productos de vidrio y minerales no metálicos",23,7.63
2016,"Fabricación de productos metálicos",25,9.58
2016,"Fabricación de sustancias químicas",20,21.92
2016,"Imprentas y editoriales",18,21.48
2016,"Industrias básicas de hierro y acero",24,7.39
2016,"Industrias manufactureras diversas",32,20.58
2016,"Ingeniería civil",42,7.21
2016,"Investigación y desarrollo científico",72,58.63
2016,"Juegos de azar, apuestas",92,47.61
2016,"Otras actividades profesionales, científicas y técnicas",74,45.22
2016,"Otras industrias extractivas",8,8.41
2016,"Otros servicios personales",96,47.52
2016,"Pesca y acuicultura",3,9.01
2016,"Programación y radiodifusión",60,26.63
2016,"Recolección, transporte, tratamiento y disposición final de residuos",38,4.46
2016,"Reparación de computadoras y equipos de uso doméstico",95,20.44
2016,"Reparacion de maquinaria y equipo",33,9.81
2016,"Servicio de correo y mensajería",53,12.5
2016,"Servicios a edificios y actividades de jardinería",81,52.68
2016,"Servicios artísticos y de espectáculos",90,31.19
2016,"Servicios audiovisuales",59,42.96
2016,"Servicios auxiliares de la actividad financiera y de seguros",66,53.33
2016,"Servicios de alojamiento",55,54.53
2016,"Servicios de arquitectura e ingeniería",71,17.19
2016,"Servicios de asociaciones",94,49.89
2016,"Servicios de bibliotecas, archivos y museos y  servicios culturales n.c.p.",91,56.96
2016,"Servicios de depuración de agua residual, alcantarillado y cloacas",37,12.7
2016,"Servicios de expendio de alimentos y bebidas",56,41.94
2016,"Servicios de obtención y dotación de personal",78,26.05
2016,"Servicios de programación, consultoría informática y actividades conexas",62,29.66
2016,"Servicios de publicidad e investigación de mercado",73,46.56
2016,"Servicios de salud humana",86,70.98
2016,"Servicios de seguros, reaseguros y pensiones",65,53.19
2016,"Servicios financieros (excepto seguros y pensiones)",64,48.61
2016,"Servicios inmobiliarios",68,38.16
2016,"Servicios jurídicos y de contabilidad",69,67.77
2016,"Servicios sin alojamiento",88,76.25
2016,"Servicios sociales con alojamiento",87,87.15
2016,"Servicios veterinarios",75,53.77
2016,"Servicios y asesoramiento de dirección y gestión empresarial",70,43.47
2016,"Silvicultura y explotación forestal",2,5.41
2016,"Suministro de electricidad, gas, vapor y aire acondicionado",35,16.13
2016,"Telecomunicaciones",61,35
2016,"Transporte aéreo",51,39.9
2016,"Transporte marítimo y pluvial",50,16.4
2016,"Transporte terrestre y por tuberías",49,5.65
2016,"Venta, mantenimiento y reparación de vehículos automotores y motocicletas",45,18.68
2017,"Actividades administrativas de oficinas y empresas",82,48.49
2017,"Actividades de apoyo a la minería",9,6.77
2017,"Actividades de construcción especializada",43,6.26
2017,"Actividades de investigación y seguridad",80,10.44
2017,"Actividades de organismos extraterritoriales",99,55.01
2017,"Actividades de procesamiento de información",63,37.37
2017,"Actividades deportivas, recreativas y de entretenimiento",93,32.23
2017,"Administración pública, defensa y seguridad social",84,54.44
2017,"Agencias de viajes, servicios de reservas y actividades conexas",79,54.62
2017,"Agricultura, ganadería, caza y servicios relacionados",1,12.49
2017,"Almacenamiento y logística",52,16.21
2017,"Alquiler y leasing",77,18.11
2017,"Captación, depuración y distribución de agua",36,18.54
2017,"Comercio al por mayor excepto autos y motos",46,24.93
2017,"Comercio al por menor excepto autos y motos",47,44.2
2017,"Construcción de edificios y partes",41,4.72
2017,"Descontaminación y otros servicios",39,9.69
2017,"Edición",58,38.81
2017,"Elaboración de bebidas",11,16.23
2017,"Elaboración de prendas de vestir",14,55.32
2017,"Elaboración de productos alimenticios",10,20.1
2017,"Elaboración de productos de cuero",15,23.56
2017,"Elaboración de productos de madera",16,8.22
2017,"Elaboración de productos de papel",17,13.24
2017,"Elaboración de productos de tabaco",12,16.22
2017,"Elaboracion de productos farmaceuticos",21,34.77
2017,"Elaboración de productos textiles",13,24.21
2017,"Enseñanza",85,73.57
2017,"Extracción de carbon y lignito",5,1.74
2017,"Extracción de minerales metálicos",7,6.21
2017,"Extracción de petroleo crudo y gas natural",6,17.82
2017,"Fabricación de aparatos de uso doméstico",27,13.39
2017,"Fabricación de equipo de transporte",30,10.1
2017,"Fabricación de equipos automotores",29,10.34
2017,"Fabricación de equipos electrónicos",26,29.05
2017,"Fabricación de maquinaria",28,10.09
2017,"Fabricación de muebles y colchones",31,14.19
2017,"Fabricación de productos de caucho y plástico",22,12.21
2017,"Fabricación de productos de hornos de coque",19,21.67
2017,"Fabricación de productos de vidrio y minerales no metálicos",23,7.68
2017,"Fabricación de productos metálicos",25,9.48
2017,"Fabricación de sustancias químicas",20,21.89
2017,"Imprentas y editoriales",18,21.81
2017,"Industrias básicas de hierro y acero",24,7.38
2017,"Industrias manufactureras diversas",32,20.28
2017,"Ingeniería civil",42,6.5
2017,"Investigación y desarrollo científico",72,57.7
2017,"Juegos de azar, apuestas",92,47.62
2017,"Otras actividades profesionales, científicas y técnicas",74,44.72
2017,"Otras industrias extractivas",8,8.55
2017,"Otros servicios personales",96,48.09
2017,"Pesca y acuicultura",3,8.29
2017,"Programación y radiodifusión",60,26.67
2017,"Recolección, transporte, tratamiento y disposición final de residuos",38,4.37
2017,"Reparación de computadoras y equipos de uso doméstico",95,20.38
2017,"Reparacion de maquinaria y equipo",33,9.52
2017,"Servicio de correo y mensajería",53,12.72
2017,"Servicios a edificios y actividades de jardinería",81,52.91
2017,"Servicios artísticos y de espectáculos",90,30.52
2017,"Servicios audiovisuales",59,42.62
2017,"Servicios auxiliares de la actividad financiera y de seguros",66,53.05
2017,"Servicios de alojamiento",55,54.41
2017,"Servicios de arquitectura e ingeniería",71,16.77
2017,"Servicios de asociaciones",94,50.02
2017,"Servicios de bibliotecas, archivos y museos y  servicios culturales n.c.p.",91,56.06
2017,"Servicios de depuración de agua residual, alcantarillado y cloacas",37,12.57
2017,"Servicios de expendio de alimentos y bebidas",56,42.28
2017,"Servicios de obtención y dotación de personal",78,23.86
2017,"Servicios de programación, consultoría informática y actividades conexas",62,29.36
2017,"Servicios de publicidad e investigación de mercado",73,46.81
2017,"Servicios de salud humana",86,70.74
2017,"Servicios de seguros, reaseguros y pensiones",65,54.06
2017,"Servicios financieros (excepto seguros y pensiones)",64,48.78
2017,"Servicios inmobiliarios",68,38.83
2017,"Servicios jurídicos y de contabilidad",69,67.67
2017,"Servicios sin alojamiento",88,76.14
2017,"Servicios sociales con alojamiento",87,86.74
2017,"Servicios veterinarios",75,54
2017,"Servicios y asesoramiento de dirección y gestión empresarial",70,43.2
2017,"Silvicultura y explotación forestal",2,5.35
2017,"Suministro de electricidad, gas, vapor y aire acondicionado",35,16.29
2017,"Telecomunicaciones",61,34.2
2017,"Transporte aéreo",51,39.13
2017,"Transporte marítimo y pluvial",50,17.27
2017,"Transporte terrestre y por tuberías",49,5.59
2017,"Venta, mantenimiento y reparación de vehículos automotores y motocicletas",45,19.43
2018,"Actividades administrativas de oficinas y empresas",82,48.72
2018,"Actividades de apoyo a la minería",9,7.11
2018,"Actividades de construcción especializada",43,6.31
2018,"Actividades de investigación y seguridad",80,10.66
2018,"Actividades de organismos extraterritoriales",99,55.86
2018,"Actividades de procesamiento de información",63,37.27
2018,"Actividades deportivas, recreativas y de entretenimiento",93,32.57
2018,"Administración pública, defensa y seguridad social",84,55.55
2018,"Agencias de viajes, servicios de reservas y actividades conexas",79,54.78
2018,"Agricultura, ganadería, caza y servicios relacionados",1,12.72
2018,"Almacenamiento y logística",52,16.3
2018,"Alquiler y leasing",77,18.45
2018,"Captación, depuración y distribución de agua",36,18.71
2018,"Comercio al por mayor excepto autos y motos",46,25.13
2018,"Comercio al por menor excepto autos y motos",47,44.09
2018,"Construcción de edificios y partes",41,4.81
2018,"Descontaminación y otros servicios",39,9.79
2018,"Edición",58,39.42
2018,"Elaboración de bebidas",11,16.21
2018,"Elaboración de prendas de vestir",14,55.26
2018,"Elaboración de productos alimenticios",10,20.07
2018,"Elaboración de productos de cuero",15,22.43
2018,"Elaboración de productos de madera",16,8.53
2018,"Elaboración de productos de papel",17,13.16
2018,"Elaboración de productos de tabaco",12,16.27
2018,"Elaboracion de productos farmaceuticos",21,34.6
2018,"Elaboración de productos textiles",13,24.02
2018,"Enseñanza",85,73.35
2018,"Extracción de carbon y lignito",5,2.75
2018,"Extracción de minerales metálicos",7,6.83
2018,"Extracción de petroleo crudo y gas natural",6,20.83
2018,"Fabricación de aparatos de uso doméstico",27,13.42
2018,"Fabricación de equipo de transporte",30,10.26
2018,"Fabricación de equipos automotores",29,11.03
2018,"Fabricación de equipos electrónicos",26,28.62
2018,"Fabricación de maquinaria",28,10.34
2018,"Fabricación de muebles y colchones",31,14.43
2018,"Fabricación de productos de caucho y plástico",22,12.2
2018,"Fabricación de productos de hornos de coque",19,15.37
2018,"Fabricación de productos de vidrio y minerales no metálicos",23,7.84
2018,"Fabricación de productos metálicos",25,9.61
2018,"Fabricación de sustancias químicas",20,21.96
2018,"Imprentas y editoriales",18,22.1
2018,"Industrias básicas de hierro y acero",24,7.49
2018,"Industrias manufactureras diversas",32,19.97
2018,"Ingeniería civil",42,6.26
2018,"Investigación y desarrollo científico",72,57.14
2018,"Juegos de azar, apuestas",92,47.46
2018,"Otras actividades profesionales, científicas y técnicas",74,43.55
2018,"Otras industrias extractivas",8,8.93
2018,"Otros servicios personales",96,48.53
2018,"Pesca y acuicultura",3,8.07
2018,"Programación y radiodifusión",60,28.16
2018,"Recolección, transporte, tratamiento y disposición final de residuos",38,4.51
2018,"Reparación de computadoras y equipos de uso doméstico",95,20.49
2018,"Reparacion de maquinaria y equipo",33,9.3
2018,"Servicio de correo y mensajería",53,13.07
2018,"Servicios a edificios y actividades de jardinería",81,53.26
2018,"Servicios artísticos y de espectáculos",90,31.37
2018,"Servicios audiovisuales",59,42.36
2018,"Servicios auxiliares de la actividad financiera y de seguros",66,52.97
2018,"Servicios de alojamiento",55,54.41
2018,"Servicios de arquitectura e ingeniería",71,16.75
2018,"Servicios de asociaciones",94,50.24
2018,"Servicios de bibliotecas, archivos y museos y  servicios culturales n.c.p.",91,56.16
2018,"Servicios de depuración de agua residual, alcantarillado y cloacas",37,12.27
2018,"Servicios de expendio de alimentos y bebidas",56,42.62
2018,"Servicios de obtención y dotación de personal",78,24.65
2018,"Servicios de programación, consultoría informática y actividades conexas",62,29.68
2018,"Servicios de publicidad e investigación de mercado",73,46.5
2018,"Servicios de salud humana",86,70.69
2018,"Servicios de seguros, reaseguros y pensiones",65,54.29
2018,"Servicios financieros (excepto seguros y pensiones)",64,48.91
2018,"Servicios inmobiliarios",68,39.33
2018,"Servicios jurídicos y de contabilidad",69,67.69
2018,"Servicios sin alojamiento",88,75.57
2018,"Servicios sociales con alojamiento",87,86.36
2018,"Servicios veterinarios",75,54.5
2018,"Servicios y asesoramiento de dirección y gestión empresarial",70,43.36
2018,"Silvicultura y explotación forestal",2,5.15
2018,"Suministro de electricidad, gas, vapor y aire acondicionado",35,16.66
2018,"Telecomunicaciones",61,31.03
2018,"Transporte aéreo",51,38.59
2018,"Transporte marítimo y pluvial",50,17.67
2018,"Transporte terrestre y por tuberías",49,5.65
2018,"Venta, mantenimiento y reparación de vehículos automotores y motocicletas",45,20.02
2019,"Actividades administrativas de oficinas y empresas",82,48.96
2019,"Actividades de apoyo a la minería",9,7.56
2019,"Actividades de construcción especializada",43,6.41
2019,"Actividades de investigación y seguridad",80,10.59
2019,"Actividades de organismos extraterritoriales",99,56.03
2019,"Actividades de procesamiento de información",63,36.58
2019,"Actividades deportivas, recreativas y de entretenimiento",93,32.44
2019,"Administración pública, defensa y seguridad social",84,55.99
2019,"Agencias de viajes, servicios de reservas y actividades conexas",79,54.83
2019,"Agricultura, ganadería, caza y servicios relacionados",1,12.39
2019,"Almacenamiento y logística",52,16.5
2019,"Alquiler y leasing",77,19.02
2019,"Captación, depuración y distribución de agua",36,18.68
2019,"Comercio al por mayor excepto autos y motos",46,25.25
2019,"Comercio al por menor excepto autos y motos",47,43.99
2019,"Construcción de edificios y partes",41,5.04
2019,"Descontaminación y otros servicios",39,9.75
2019,"Edición",58,40.03
2019,"Elaboración de bebidas",11,16.24
2019,"Elaboración de prendas de vestir",14,55.24
2019,"Elaboración de productos alimenticios",10,19.77
2019,"Elaboración de productos de cuero",15,21.85
2019,"Elaboración de productos de madera",16,8.63
2019,"Elaboración de productos de papel",17,13.16
2019,"Elaboración de productos de tabaco",12,16.97
2019,"Elaboracion de productos farmaceuticos",21,34.49
2019,"Elaboración de productos textiles",13,23.55
2019,"Enseñanza",85,73.16
2019,"Extracción de carbon y lignito",5,4.13
2019,"Extracción de minerales metálicos",7,7.37
2019,"Extracción de petroleo crudo y gas natural",6,22.09
2019,"Fabricación de aparatos de uso doméstico",27,13.63
2019,"Fabricación de equipo de transporte",30,9.59
2019,"Fabricación de equipos automotores",29,11.17
2019,"Fabricación de equipos electrónicos",26,28.12
2019,"Fabricación de maquinaria",28,10.61
2019,"Fabricación de muebles y colchones",31,15.11
2019,"Fabricación de productos de caucho y plástico",22,12.17
2019,"Fabricación de productos de hornos de coque",19,14.41
2019,"Fabricación de productos de vidrio y minerales no metálicos",23,8.09
2019,"Fabricación de productos metálicos",25,9.74
2019,"Fabricación de sustancias químicas",20,22.31
2019,"Imprentas y editoriales",18,22.32
2019,"Industrias básicas de hierro y acero",24,7.76
2019,"Industrias manufactureras diversas",32,19.5
2019,"Ingeniería civil",42,6.66
2019,"Investigación y desarrollo científico",72,57.62
2019,"Juegos de azar, apuestas",92,47.33
2019,"Otras actividades profesionales, científicas y técnicas",74,42.68
2019,"Otras industrias extractivas",8,9.44
2019,"Otros servicios personales",96,49.12
2019,"Pesca y acuicultura",3,8.23
2019,"Programación y radiodifusión",60,28.29
2019,"Recolección, transporte, tratamiento y disposición final de residuos",38,4.69
2019,"Reparación de computadoras y equipos de uso doméstico",95,20.64
2019,"Reparacion de maquinaria y equipo",33,9.11
2019,"Servicio de correo y mensajería",53,13.66
2019,"Servicios a edificios y actividades de jardinería",81,53.42
2019,"Servicios artísticos y de espectáculos",90,34.02
2019,"Servicios audiovisuales",59,42.44
2019,"Servicios auxiliares de la actividad financiera y de seguros",66,52.62
2019,"Servicios de alojamiento",55,54.39
2019,"Servicios de arquitectura e ingeniería",71,17.38
2019,"Servicios de asociaciones",94,50.33
2019,"Servicios de bibliotecas, archivos y museos y  servicios culturales n.c.p.",91,56.66
2019,"Servicios de depuración de agua residual, alcantarillado y cloacas",37,12.01
2019,"Servicios de expendio de alimentos y bebidas",56,43.13
2019,"Servicios de obtención y dotación de personal",78,26.1
2019,"Servicios de programación, consultoría informática y actividades conexas",62,30.14
2019,"Servicios de publicidad e investigación de mercado",73,46.36
2019,"Servicios de salud humana",86,70.67
2019,"Servicios de seguros, reaseguros y pensiones",65,54.33
2019,"Servicios financieros (excepto seguros y pensiones)",64,48.75
2019,"Servicios inmobiliarios",68,39.35
2019,"Servicios jurídicos y de contabilidad",69,67.87
2019,"Servicios sin alojamiento",88,75.37
2019,"Servicios sociales con alojamiento",87,86.05
2019,"Servicios veterinarios",75,54.2
2019,"Servicios y asesoramiento de dirección y gestión empresarial",70,43.89
2019,"Silvicultura y explotación forestal",2,5.06
2019,"Suministro de electricidad, gas, vapor y aire acondicionado",35,17.11
2019,"Telecomunicaciones",61,30.48
2019,"Transporte aéreo",51,38.6
2019,"Transporte marítimo y pluvial",50,17.07
2019,"Transporte terrestre y por tuberías",49,5.7
2019,"Venta, mantenimiento y reparación de vehículos automotores y motocicletas",45,19.3
2020,"Actividades administrativas de oficinas y empresas",82,48.25
2020,"Actividades de apoyo a la minería",9,7.81
2020,"Actividades de construcción especializada",43,7.31
2020,"Actividades de investigación y seguridad",80,10.62
2020,"Actividades de organismos extraterritoriales",99,55.62
2020,"Actividades de procesamiento de información",63,36.45
2020,"Actividades deportivas, recreativas y de entretenimiento",93,32.3
2020,"Administración pública, defensa y seguridad social",84,56.81
2020,"Agencias de viajes, servicios de reservas y actividades conexas",79,54.93
2020,"Agricultura, ganadería, caza y servicios relacionados",1,12.02
2020,"Almacenamiento y logística",52,16.72
2020,"Alquiler y leasing",77,18.77
2020,"Captación, depuración y distribución de agua",36,18.77
2020,"Comercio al por mayor excepto autos y motos",46,25.2
2020,"Comercio al por menor excepto autos y motos",47,43.38
2020,"Construcción de edificios y partes",41,6.36
2020,"Descontaminación y otros servicios",39,10.73
2020,"Edición",58,39.8
2020,"Elaboración de bebidas",11,16.13
2020,"Elaboración de prendas de vestir",14,54.51
2020,"Elaboración de productos alimenticios",10,19.24
2020,"Elaboración de productos de cuero",15,21.74
2020,"Elaboración de productos de madera",16,8.47
2020,"Elaboración de productos de papel",17,13.25
2020,"Elaboración de productos de tabaco",12,17.6
2020,"Elaboracion de productos farmaceuticos",21,34.35
2020,"Elaboración de productos textiles",13,22.78
2020,"Enseñanza",85,72.81
2020,"Extracción de carbon y lignito",5,2.64
2020,"Extracción de minerales metálicos",7,7.76
2020,"Extracción de petroleo crudo y gas natural",6,22.14
2020,"Fabricación de aparatos de uso doméstico",27,13.78
2020,"Fabricación de equipo de transporte",30,9.54
2020,"Fabricación de equipos automotores",29,11.21
2020,"Fabricación de equipos electrónicos",26,29.35
2020,"Fabricación de maquinaria",28,10.86
2020,"Fabricación de muebles y colchones",31,15.41
2020,"Fabricación de productos de caucho y plástico",22,12.03
2020,"Fabricación de productos de hornos de coque",19,17.08
2020,"Fabricación de productos de vidrio y minerales no metálicos",23,8.42
2020,"Fabricación de productos metálicos",25,10.07
2020,"Fabricación de sustancias químicas",20,22.41
2020,"Imprentas y editoriales",18,22.22
2020,"Industrias básicas de hierro y acero",24,7.9
2020,"Industrias manufactureras diversas",32,19.75
2020,"Ingeniería civil",42,7.84
2020,"Investigación y desarrollo científico",72,57.67
2020,"Juegos de azar, apuestas",92,47.01
2020,"Otras actividades profesionales, científicas y técnicas",74,42.3
2020,"Otras industrias extractivas",8,9.75
2020,"Otros servicios personales",96,48.36
2020,"Pesca y acuicultura",3,8.74
2020,"Programación y radiodifusión",60,28.03
2020,"Recolección, transporte, tratamiento y disposición final de residuos",38,4.78
2020,"Reparación de computadoras y equipos de uso doméstico",95,21.47
2020,"Reparacion de maquinaria y equipo",33,9.47
2020,"Servicio de correo y mensajería",53,13.88
2020,"Servicios a edificios y actividades de jardinería",81,53.33
2020,"Servicios artísticos y de espectáculos",90,34.53
2020,"Servicios audiovisuales",59,42.75
2020,"Servicios auxiliares de la actividad financiera y de seguros",66,52.33
2020,"Servicios de alojamiento",55,53.69
2020,"Servicios de arquitectura e ingeniería",71,18.72
2020,"Servicios de asociaciones",94,50.19
2020,"Servicios de bibliotecas, archivos y museos y  servicios culturales n.c.p.",91,56.37
2020,"Servicios de depuración de agua residual, alcantarillado y cloacas",37,11.94
2020,"Servicios de expendio de alimentos y bebidas",56,42.92
2020,"Servicios de obtención y dotación de personal",78,21.87
2020,"Servicios de programación, consultoría informática y actividades conexas",62,30.45
2020,"Servicios de publicidad e investigación de mercado",73,44.16
2020,"Servicios de salud humana",86,70.63
2020,"Servicios de seguros, reaseguros y pensiones",65,54.48
2020,"Servicios financieros (excepto seguros y pensiones)",64,48.6
2020,"Servicios inmobiliarios",68,38.88
2020,"Servicios jurídicos y de contabilidad",69,67.85
2020,"Servicios sin alojamiento",88,74.5
2020,"Servicios sociales con alojamiento",87,85.72
2020,"Servicios veterinarios",75,54.9
2020,"Servicios y asesoramiento de dirección y gestión empresarial",70,44.35
2020,"Silvicultura y explotación forestal",2,5.29
2020,"Suministro de electricidad, gas, vapor y aire acondicionado",35,17.27
2020,"Telecomunicaciones",61,30
2020,"Transporte aéreo",51,38.71
2020,"Transporte marítimo y pluvial",50,17.36
2020,"Transporte terrestre y por tuberías",49,5.71
2020,"Venta, mantenimiento y reparación de vehículos automotores y motocicletas",45,19.05
2021,"Actividades administrativas de oficinas y empresas",82,47.44
2021,"Actividades de apoyo a la minería",9,7.84
2021,"Actividades de construcción especializada",43,7
2021,"Actividades de investigación y seguridad",80,10.82
2021,"Actividades de organismos extraterritoriales",99,55.21
2021,"Actividades de procesamiento de información",63,37.43
2021,"Actividades deportivas, recreativas y de entretenimiento",93,31.26
2021,"Administración pública, defensa y seguridad social",84,56.73
2021,"Agencias de viajes, servicios de reservas y actividades conexas",79,53.74
2021,"Agricultura, ganadería, caza y servicios relacionados",1,12.15
2021,"Almacenamiento y logística",52,16.48
2021,"Alquiler y leasing",77,17.97
2021,"Captación, depuración y distribución de agua",36,18.58
2021,"Comercio al por mayor excepto autos y motos",46,25.17
2021,"Comercio al por menor excepto autos y motos",47,42.69
2021,"Construcción de edificios y partes",41,6.13
2021,"Descontaminación y otros servicios",39,10.55
2021,"Edición",58,39.8
2021,"Elaboración de bebidas",11,16.35
2021,"Elaboración de prendas de vestir",14,53.9
2021,"Elaboración de productos alimenticios",10,19.32
2021,"Elaboración de productos de cuero",15,21.34
2021,"Elaboración de productos de madera",16,8.36
2021,"Elaboración de productos de papel",17,13.36
2021,"Elaboración de productos de tabaco",12,17
2021,"Elaboracion de productos farmaceuticos",21,34.29
2021,"Elaboración de productos textiles",13,22.27
2021,"Enseñanza",85,72.85
2021,"Extracción de carbon y lignito",5,3.7
2021,"Extracción de minerales metálicos",7,8.39
2021,"Extracción de petroleo crudo y gas natural",6,21.94
2021,"Fabricación de aparatos de uso doméstico",27,13.86
2021,"Fabricación de equipo de transporte",30,9.16
2021,"Fabricación de equipos automotores",29,11.28
2021,"Fabricación de equipos electrónicos",26,30.24
2021,"Fabricación de maquinaria",28,10.99
2021,"Fabricación de muebles y colchones",31,15.65
2021,"Fabricación de productos de caucho y plástico",22,11.93
2021,"Fabricación de productos de hornos de coque",19,16.87
2021,"Fabricación de productos de vidrio y minerales no metálicos",23,8.46
2021,"Fabricación de productos metálicos",25,10.07
2021,"Fabricación de sustancias químicas",20,22.57
2021,"Imprentas y editoriales",18,22.28
2021,"Industrias básicas de hierro y acero",24,7.93
2021,"Industrias manufactureras diversas",32,19.49
2021,"Ingeniería civil",42,7.09
2021,"Investigación y desarrollo científico",72,59.65
2021,"Juegos de azar, apuestas",92,47.13
2021,"Otras actividades profesionales, científicas y técnicas",74,42.95
2021,"Otras industrias extractivas",8,9.83
2021,"Otros servicios personales",96,46.83
2021,"Pesca y acuicultura",3,9.16
2021,"Programación y radiodifusión",60,28.7
2021,"Recolección, transporte, tratamiento y disposición final de residuos",38,5.04
2021,"Reparación de computadoras y equipos de uso doméstico",95,22.22
2021,"Reparacion de maquinaria y equipo",33,9.54
2021,"Servicio de correo y mensajería",53,14.84
2021,"Servicios a edificios y actividades de jardinería",81,53.33
2021,"Servicios artísticos y de espectáculos",90,35.85
2021,"Servicios audiovisuales",59,42.72
2021,"Servicios auxiliares de la actividad financiera y de seguros",66,52.23
2021,"Servicios de alojamiento",55,53.37
2021,"Servicios de arquitectura e ingeniería",71,18.29
2021,"Servicios de asociaciones",94,50.37
2021,"Servicios de bibliotecas, archivos y museos y  servicios culturales n.c.p.",91,56.06
2021,"Servicios de depuración de agua residual, alcantarillado y cloacas",37,10.87
2021,"Servicios de expendio de alimentos y bebidas",56,43.1
2021,"Servicios de obtención y dotación de personal",78,20.48
2021,"Servicios de programación, consultoría informática y actividades conexas",62,31.1
2021,"Servicios de publicidad e investigación de mercado",73,44.85
2021,"Servicios de salud humana",86,70.69
2021,"Servicios de seguros, reaseguros y pensiones",65,54.41
2021,"Servicios financieros (excepto seguros y pensiones)",64,48.65
2021,"Servicios inmobiliarios",68,38.35
2021,"Servicios jurídicos y de contabilidad",69,67.79
2021,"Servicios sin alojamiento",88,73.8
2021,"Servicios sociales con alojamiento",87,85.25
2021,"Servicios veterinarios",75,54.51
2021,"Servicios y asesoramiento de dirección y gestión empresarial",70,43.55
2021,"Silvicultura y explotación forestal",2,5.58
2021,"Suministro de electricidad, gas, vapor y aire acondicionado",35,17.39
2021,"Telecomunicaciones",61,29.84
2021,"Transporte aéreo",51,37.66
2021,"Transporte marítimo y pluvial",50,17.71
2021,"Transporte terrestre y por tuberías",49,5.84
2021,"Venta, mantenimiento y reparación de vehículos automotores y motocicletas",45,19.64
